<?xml version="1.0" encoding="UTF-8" standalone="yes"?>
<addon id="plugin.video.mediaroot"
       name="MediaRoot"
       version="0.2.0"
       provider-name="MediaFountain, based on Plugin by o9r1sh and Graphics by Marquerite">
  <requires>
    <import addon="xbmc.python" version="2.1.0"/>
    <import addon="script.module.urlresolver" version="2.0.9"/>
    <import addon="script.module.metahandler" version="1.0.0" />
    <import addon="script.module.t0mm0.common" version="1.1.0"/>
    <import addon="script.common.plugin.cache" version="0.9.1"/>
  </requires>
  <extension point="xbmc.python.pluginsource"
            library="default.py">
        <provides>video</provides>
  </extension>
  <extension point="xbmc.addon.metadata">
    <summary>Play content from an ever growing list of sources</summary>
    <description>MediaFountain is a video site aggregator that enables you to watch content from many different sources.

Special thanks to o9r1sh for the base coding and  Marquerite for the outstanding work on the graphics and To Eldorado, referencing his code has been instrumental in learning how to implement some of the features of this addon.
</description>
    <platform>all</platform>
  </extension>
</addon>
